{
             "1": {
                       "Verts": {
                                    "1": {
                                             "x": -7797.2658145417,
                                             "y": 24.705903917305,
                                             "z": 235470.78202751
                                         },
                                    "2": {
                                             "x": 11737.922499267,
                                             "y": 5.000005,
                                             "z": 253276.54757608
                                         },
                                    "3": {
                                             "x": 7346.5069128989,
                                             "y": 5.000005,
                                             "z": 275935.19107113
                                         },
                                    "4": {
                                             "x": -31903.012787429,
                                             "y": 429.73825322415,
                                             "z": 256999.25114318
                                         }
                                },
                      "r_type": "R"
                  },
           "100": {
                       "Verts": {
                                    "1": {
                                             "x": 55174.7294759,
                                             "y": 4.3967801192794,
                                             "z": 260831.7903818
                                         },
                                    "2": {
                                             "x": 263259.35598763,
                                             "y": 5.000005,
                                             "z": 363584.57118863
                                         },
                                    "3": {
                                             "x": 285122.43528328,
                                             "y": 5.000005,
                                             "z": 1129615.8909955
                                         },
                                    "4": {
                                             "x": -479974.39993781,
                                             "y": 5.000005,
                                             "z": 1115740.0857567
                                         },
                                    "5": {
                                             "x": -437194.28270727,
                                             "y": 802.10450083417,
                                             "z": 931523.66013971
                                         },
                                    "6": {
                                             "x": -259779.89126996,
                                             "y": 1786.6787886301,
                                             "z": 917935.82362141
                                         },
                                    "8": {
                                             "x": -44775.906550361,
                                             "y": 5.000005,
                                             "z": 924059.10742506
                                         },
                                    "9": {
                                             "x": 52493.928967124,
                                             "y": 84.319511809662,
                                             "z": 443698.651695
                                         }
                                },
                      "r_type": "OOB"
                  },
             "2": {
                       "Verts": {
                                    "1": {
                                             "x": -6513.732874379,
                                             "y": 171.10307637634,
                                             "z": 271730.93490103
                                         },
                                    "2": {
                                             "x": 7194.1382758892,
                                             "y": 8.9393466697454,
                                             "z": 276434.20368099
                                         },
                                    "3": {
                                             "x": -328.08511221238,
                                             "y": 4.3264646879411,
                                             "z": 299255.67462545
                                         },
                                    "4": {
                                             "x": -18538.61861543,
                                             "y": 64.673671546165,
                                             "z": 294795.93087725
                                         }
                                },
                      "r_type": "R"
                  },
    "Frontlines": [ {
                          "R1": "1",
                          "R2": "2",
                         "pos": {
                                    "x": 4697.7451750836,
                                    "y": 20.785512728851,
                                    "z": 275211.16744299
                                },
                      "r_type": "FL"
                  } ]
}